Year,Site,litter,litter depth,poapra,broine,forb cover,ave forb richness-quad,max forb richness-quad,forb veg richness,forb veg shannon,forb veg simpson,forb veg even,ratio invasive grass to forbs
2017,ADA-130-092-36,86.25,5.32,0.00,2.16,7.20,1.84,5,22,2.33,6.66,0.75,0.30
2017,ADA-132-097-16,82.09,13.05,0.00,0.17,7.09,1.64,4,12,1.82,4.82,0.73,0.02
2017,Adam and Teresa Raab,84.59,2.92,0.03,0.03,5.34,1.78,6,14,1.98,5.08,0.75,0.01
2017,Adams HREC,83.78,1.39,0.00,0.00,2.64,1.03,3,13,2.05,5.49,0.80,0.00
2017,Agnes Marsh WPA,64.59,4.58,33.55,9.49,29.09,4.05,9,28,2.61,9.84,0.78,1.48
2017,Alice WPA,61.39,4.09,13.41,37.87,10.24,1.42,5,11,1.70,4.62,0.71,5.01
2017,Anderson WPA,60.74,3.08,37.03,8.11,29.49,3.66,7,25,2.19,6.11,0.68,1.53
2017,Armstrong,64.36,4.21,46.72,24.36,15.88,1.55,4,15,1.74,3.36,0.64,4.48
2017,Barlow,67.97,7.72,22.47,26.52,9.19,1.38,6,15,1.61,2.81,0.59,5.33
2017,BEN-151-70-14,69.16,2.59,69.93,0.54,19.46,2.89,7,21,1.82,3.84,0.60,3.62
2017,BIL- Little Missouri,81.93,3.71,0.00,3.14,4.49,1.05,4,20,2.32,6.46,0.77,0.70
2017,BIL-144-099-36,70.78,3.14,0.61,0.78,12.64,2.80,8,20,2.16,4.82,0.72,0.11
2017,Billings Bull Creek ,88.32,4.85,0.00,2.70,6.05,1.96,4,19,2.51,9.33,0.85,0.45
2017,Billings Lake WPA,72.13,5.86,50.71,5.64,6.01,0.66,5,11,2.12,7.54,0.88,9.37
2017,Boschee,65.78,6.54,13.99,13.24,13.75,2.12,7,22,2.11,4.78,0.68,1.98
2017,BOT JCS NWR 1,36.96,3.65,56.05,16.05,48.28,4.36,10,35,2.38,6.06,0.67,1.49
2017,BOT JCS NWR 2,22.17,5.16,74.28,12.04,8.09,0.71,2,2,0.22,1.12,0.32,10.67
2017,BOW-130-103-36,76.89,2.88,0.00,0.03,5.74,1.89,6,17,2.37,7.97,0.84,0.01
2017,BOW-131-105-36,54.59,0.83,0.00,0.00,8.45,1.42,4,16,1.93,4.65,0.70,0.00
2017,Bowman Alkali Creek,92.50,8.14,0.00,6.45,4.90,1.64,6,13,2.20,7.38,0.86,1.32
2017,BRK-162-094-36,63.40,6.51,43.82,0.03,38.28,3.91,10,30,2.74,12.05,0.80,1.15
2017,Camp Lake,70.00,7.42,9.46,7.60,3.92,0.55,2,5,0.47,1.26,0.29,4.35
2017,CC Underwood ,55.20,2.40,46.42,24.90,18.75,2.42,5,11,1.71,4.15,0.71,3.80
2017,Charles C. Cook,64.86,7.48,45.14,4.49,13.68,2.14,5,13,1.93,5.59,0.75,3.63
2017,Charles Schroeder,60.07,4.41,33.65,30.64,24.56,2.27,7,25,2.37,6.95,0.74,2.62
2017,Chase Lake ,52.43,6.89,29.12,37.74,23.21,2.64,7,26,2.60,10.23,0.80,2.88
2017,Coal Coulee WPA,72.60,5.76,3.24,6.15,58.68,5.14,12,38,2.67,9.26,0.73,0.16
2017,Cornell,55.54,9.08,31.39,30.44,24.12,2.28,6,21,2.38,8.62,0.78,2.56
2017,Cottonwood Creek,46.18,8.73,17.87,33.55,20.00,2.01,5,18,1.63,2.74,0.56,2.57
2017,Danielson,69.79,17.65,0.00,41.25,29.19,2.35,6,24,2.36,7.94,0.74,1.41
2017,Dawson ,42.90,2.25,8.89,10.44,49.09,2.93,7,15,1.73,4.23,0.64,0.39
2017,Denault,54.53,3.53,27.74,61.69,16.32,1.82,6,17,1.93,4.42,0.68,5.48
2017,Des Lacs,47.01,5.93,45.03,38.82,56.82,4.34,10,39,2.70,10.38,0.74,1.48
2017,DIV-161-101-36,73.41,2.79,5.27,0.00,31.54,4.45,9,29,2.61,9.89,0.77,0.17
2017,Drawbond WPA,76.11,5.40,0.41,7.06,31.15,4.03,9,35,2.73,9.26,0.77,0.24
2017,DUN-142-093-16,71.11,2.94,0.00,0.37,8.31,1.84,6,18,2.35,7.50,0.81,0.04
2017,EDD-150-065-24,59.35,1.91,52.03,0.07,24.97,4.47,9,24,2.23,4.84,0.70,2.09
2017,EDD-150-67-03,65.98,1.11,56.99,0.74,5.98,1.35,4,15,1.80,3.21,0.67,9.66
2017,Elken WPA,14.87,0.04,16.76,2.36,71.99,6.11,12,36,2.96,15.33,0.83,0.27
2017,Emmons Kurtz,82.84,6.69,19.90,5.88,29.49,3.28,6,24,1.79,2.91,0.56,0.87
2017,Erie Dam WMA,74.39,6.31,13.34,26.93,15.91,2.04,7,22,2.29,6.98,0.74,2.53
2017,Eszlinger,72.06,6.82,3.38,24.22,12.23,1.68,5,12,1.41,3.02,0.57,2.26
2017,Evers WPA,62.30,4.86,16.99,28.61,17.03,1.84,6,19,2.15,6.04,0.73,2.68
2017,Fairdale WPA,61.42,4.96,50.51,23.21,19.36,3.11,8,15,2.26,7.93,0.84,3.81
2017,Fitzsimond Slough WMA,61.89,2.01,46.79,6.35,14.70,2.35,5,18,2.01,5.04,0.70,3.62
2017,Fort Ransom WMA,63.45,7.42,17.87,24.83,32.74,2.43,6,21,1.69,2.98,0.56,1.30
2017,FOS-147-062-26,45.74,3.78,24.19,8.58,44.12,5.08,12,34,2.59,8.45,0.73,0.74
2017,Fugelstad WPA,56.96,23.22,23.11,29.63,12.09,1.49,5,19,2.16,4.79,0.73,4.36
2017,Gaines,63.39,6.81,50.10,23.31,33.45,3.68,10,36,2.87,12.25,0.80,2.19
2017,Gainor WPA,29.97,2.16,11.59,3.78,27.13,3.64,7,22,2.43,8.96,0.79,0.57
2017,George Karpen,61.55,4.69,34.63,13.99,8.34,0.68,3,9,0.83,1.55,0.38,5.83
2017,Ghost Valley,77.97,2.61,43.99,7.33,3.11,0.91,3,10,1.43,2.64,0.62,16.51
2017,GOL- Little Missouri,63.51,3.73,2.67,0.00,12.97,1.95,4,18,2.47,9.23,0.85,0.21
2017,GOL-136-106-36,80.91,1.46,0.00,0.03,5.71,1.23,4,12,1.64,3.71,0.66,0.01
2017,GOL-144-105-36,28.13,2.15,21.15,32.91,15.98,1.91,5,24,2.86,14.79,0.90,3.38
2017,GRA-137-088-16,39.48,2.07,19.63,1.01,20.07,3.78,10,30,2.91,14.09,0.85,1.03
2017,Grant Cedar River,32.28,0.98,18.68,2.57,21.11,3.99,9,27,2.71,11.19,0.82,1.01
2017,Grant Otter Creek,76.86,3.99,0.10,0.14,18.92,2.57,5,20,1.89,3.50,0.63,0.01
2017,Greeenwing,55.44,2.18,50.78,16.99,26.79,2.31,5,18,2.17,6.91,0.75,2.53
2017,GRI-148-061-16,45.34,3.22,44.80,6.35,51.17,6.03,14,44,2.68,8.12,0.71,1.00
2017,GRI-148-061-36,90.74,1.59,24.46,2.50,21.96,5.92,11,36,2.99,13.90,0.83,1.23
2017,Groven WPA,8.88,3.46,10.34,2.20,46.28,4.53,9,24,2.46,9.21,0.77,0.27
2017,Grunneich WPA,80.74,2.34,1.52,1.32,22.47,3.12,11,18,2.05,5.50,0.71,0.13
2017,Hartleben WPA,66.93,5.18,13.34,2.36,36.93,3.00,6,22,2.47,9.14,0.80,0.43
2017,HET-135-097-16,83.94,5.48,0.00,0.00,4.39,1.39,5,11,1.33,2.70,0.56,0.00
2017,Hettinger Hillsview,44.73,3.97,39.12,16.55,3.92,0.57,4,11,1.58,3.28,0.66,14.21
2017,Hettinger Indian Creek,74.08,0.71,0.00,3.38,2.20,0.80,3,14,2.37,9.05,0.90,1.54
2017,Hille WMA,15.00,3.34,52.80,1.15,27.36,2.43,9,31,2.52,8.66,0.74,1.97
2017,Hofflund,75.81,11.42,18.65,34.43,10.03,0.82,4,11,1.65,4.05,0.69,5.29
2017,Hoornaert,51.49,2.80,25.00,16.15,24.09,2.66,5,22,2.30,6.51,0.74,1.71
2017,Johns Lake WPA,64.73,2.54,14.70,3.51,18.48,4.04,9,40,2.93,10.05,0.79,0.99
2017,Karl T. Frederick,50.51,2.92,12.43,19.12,42.40,5.72,11,31,2.05,3.68,0.60,0.74
2017,Keller WPA,35.75,3.40,52.33,28.78,49.53,4.54,9,34,2.36,5.45,0.67,1.64
2017,Kemmer WPA,50.88,5.27,0.88,0.00,67.36,6.46,11,31,2.74,9.75,0.80,0.01
2017,Kenner Marsh WMA,56.52,1.99,23.28,34.09,31.89,3.81,10,18,2.06,4.92,0.71,1.80
2017,Kenyons WPA,63.82,8.03,31.15,15.07,34.16,3.35,8,22,2.27,6.57,0.73,1.35
2017,Kidder Long Lake,57.60,6.37,45.46,24.27,18.13,2.93,11,43,2.93,12.21,0.78,3.85
2017,Kilgore Lake,56.44,1.27,32.97,0.10,35.14,2.72,7,24,2.57,10.52,0.81,0.94
2017,Killdeer Mtns,59.29,3.10,0.07,0.00,13.61,3.45,7,23,2.45,8.61,0.78,0.00
2017,Kjallberg,61.99,13.32,4.12,43.21,58.72,4.34,10,30,2.53,9.63,0.74,0.81
2017,Lake Ilo NWR,26.89,2.74,32.67,7.87,16.49,2.26,7,29,2.74,10.92,0.81,2.46
2017,LAM-136-059-36,31.53,2.77,34.70,20.34,50.61,4.46,9,34,2.45,7.58,0.69,1.09
2017,Lansford WPA,57.94,3.86,21.95,39.16,17.00,1.06,3,9,0.66,1.41,0.30,3.59
2017,Larson ,55.14,4.14,15.24,19.36,27.36,4.35,9,32,2.32,5.21,0.67,1.26
2017,Lazy M WPA,61.05,7.49,12.40,30.07,26.39,4.01,11,35,2.81,10.82,0.79,1.61
2017,Lettenmeier WPA,16.10,0.05,5.51,1.08,22.13,2.69,6,35,2.75,10.78,0.77,0.30
2017,Lincoln Valley South,38.55,4.26,9.22,9.53,42.43,4.14,10,35,2.73,9.80,0.77,0.44
2017,Little Missouri ,48.82,3.39,35.00,1.08,32.82,3.08,8,36,2.59,7.25,0.72,1.10
2017,Logan Mund,35.97,7.24,30.81,51.72,17.70,1.38,7,15,1.91,4.11,0.70,4.66
2017,Long Lake WPA,74.56,5.39,12.94,13.85,4.46,1.11,4,17,2.42,8.45,0.85,6.01
2017,Lost Island ,59.16,4.59,36.08,45.17,25.98,3.04,7,17,1.88,4.11,0.66,3.13
2017,Lostwood,37.57,3.40,48.92,19.48,61.11,5.17,12,45,2.43,5.47,0.64,1.12
2017,MacLean Bottoms,64.29,9.12,0.24,6.11,21.97,1.35,4,9,1.30,3.14,0.59,0.29
2017,Maple River WMA,56.86,7.32,19.43,0.91,36.22,4.24,9,33,2.32,6.78,0.66,0.56
2017,MCH JCS NWR,46.08,1.42,26.45,0.00,43.65,5.12,9,26,2.62,10.37,0.80,0.61
2017,McIntosh Mund,49.90,7.68,31.11,41.96,16.01,1.82,7,19,2.45,7.29,0.83,4.56
2017,MCK-146-100-36,67.71,21.38,21.82,0.34,50.44,3.28,7,34,2.64,9.31,0.75,0.44
2017,MCL-150-082-36,53.31,3.77,53.24,1.93,23.99,3.97,9,39,2.81,9.80,0.77,2.30
2017,Mekinock,58.18,2.54,10.98,37.03,14.12,2.16,6,16,2.06,5.52,0.74,3.40
2017,MER-143-89-36,51.38,2.08,0.68,0.00,24.49,3.27,7,27,1.61,2.47,0.49,0.03
2017,Mercer North Beulah Mine,86.34,6.93,0.00,7.36,6.01,1.47,4,16,2.42,9.72,0.87,1.22
2017,MOR-134-083-36,72.64,2.63,0.51,1.62,4.09,1.49,4,18,2.50,9.33,0.86,0.52
2017,MOR-140-089-16,44.62,4.46,18.01,1.05,33.11,3.46,10,32,2.17,5.02,0.63,0.58
2017,Morton County,83.04,4.01,0.00,2.40,16.18,2.27,5,21,1.92,4.29,0.63,0.15
2017,MOU-154-93-36,56.05,2.19,29.80,0.44,63.04,3.68,8,35,1.87,2.85,0.53,0.48
2017,NEL-149-061-36,53.68,2.76,73.85,0.34,27.09,6.82,12,38,2.97,13.41,0.82,2.74
2017,NEL-150-61-21,55.84,3.84,72.23,1.45,29.36,3.46,7,27,1.55,2.58,0.47,2.51
2017,Nikolaisen WPA,58.89,4.12,56.76,7.13,37.50,3.54,8,17,2.04,5.60,0.72,1.70
2017,Northwestern Lake WPA,26.11,2.24,54.09,14.66,43.38,3.81,7,35,2.66,8.85,0.75,1.58
2017,Och's Point,81.32,7.38,5.78,18.75,3.68,0.34,3,6,1.25,2.75,0.70,6.66
2017,OLI-141-85-16,42.33,1.23,43.95,1.42,15.17,3.41,8,29,2.94,14.46,0.87,2.99
2017,OLI-143-082-16,75.36,2.96,24.93,7.16,28.82,4.45,13,40,2.85,9.55,0.77,1.11
2017,Olson WMA,54.24,3.80,30.41,11.79,57.74,3.53,7,29,1.99,3.60,0.59,0.73
2017,Otto Spies WMA,66.69,8.95,16.22,41.55,28.46,2.95,9,27,2.66,10.27,0.81,2.03
2017,Pembina Prarie,60.10,5.82,48.11,27.23,18.34,2.89,7,16,1.88,4.72,0.68,4.11
2017,Personius WPA,53.73,3.24,13.92,39.80,22.94,2.99,9,23,2.58,9.96,0.82,2.34
2017,Pintail,55.34,2.79,37.30,30.74,33.95,2.73,5,15,1.94,4.69,0.72,2.00
2017,Prairie Chicken ,91.01,8.14,22.43,33.58,26.15,2.09,5,18,2.17,6.47,0.75,2.14
2017,Rath/Wonnenburg WPA,22.09,0.99,4.66,12.74,44.39,5.08,10,36,2.87,12.79,0.80,0.39
2017,REN-164-084-36,41.53,1.55,62.20,0.20,62.30,6.01,11,37,2.81,11.56,0.78,1.00
2017,Rieder,69.86,0.95,25.20,0.41,23.43,3.72,6,19,2.15,5.64,0.73,1.09
2017,ROL-162-072-36,80.51,4.07,26.39,4.59,17.84,2.07,5,24,1.75,2.71,0.55,1.74
2017,Rolling Hills,53.27,2.47,0.27,5.71,7.77,0.84,4,12,1.52,3.06,0.61,0.77
2017,Rose Lake,55.69,4.55,40.91,56.01,23.92,3.18,6,20,2.20,6.90,0.74,4.05
2017,Round Lake,61.93,7.03,70.10,4.83,8.31,0.62,3,7,1.03,2.08,0.53,9.02
2017,RW Henderson,75.62,5.18,15.41,10.81,6.42,1.35,6,20,2.25,5.93,0.75,4.08
2017,Schiermeister WPA,64.76,7.18,38.48,2.36,29.19,2.84,6,30,2.36,6.58,0.69,1.40
2017,Shaw WPA,48.55,4.61,23.11,31.66,21.25,2.74,7,21,1.99,4.37,0.65,2.58
2017,Sheyenne NG 2017,51.87,1.31,27.42,2.35,31.20,3.80,9,46,2.84,9.32,0.74,0.95
2017,SIO-130-085-36,38.61,2.35,0.03,0.44,22.47,3.81,8,21,2.25,6.17,0.74,0.02
2017,SIO-Cedar River,86.71,3.24,1.72,0.64,1.96,0.78,5,17,2.50,9.72,0.88,1.21
2017,Sioux Froleich Dam,49.19,2.93,11.89,33.55,9.73,2.00,5,19,2.03,4.89,0.69,4.67
2017,SLO- Little Missouri ,50.24,2.14,0.00,0.30,9.19,1.73,4,17,1.87,4.56,0.66,0.03
2017,SLO-135-106-16,74.93,1.88,0.00,0.98,6.93,1.85,5,21,2.66,10.46,0.87,0.14
2017,Slope Cedar Lake,79.86,6.25,0.10,8.51,4.86,1.43,5,15,2.12,6.06,0.78,1.77
2017,Soo Grade WPA,19.59,5.93,28.11,8.01,56.28,2.93,7,27,2.38,7.51,0.72,0.64
2017,Spangrud WPA,49.53,3.64,43.04,14.02,46.22,4.28,11,41,2.77,8.88,0.75,1.23
2017,STA-137-91-16,43.82,1.26,0.14,0.10,8.01,2.50,6,23,2.77,12.71,0.88,0.03
2017,STA-140-094-16,78.28,18.80,0.00,5.91,8.48,1.74,7,27,2.64,8.39,0.80,0.70
2017,Stoney Slough WPA,69.16,3.85,33.04,24.22,14.66,1.36,4,12,1.54,2.83,0.62,3.91
2017,STU-137-63-36,61.55,3.61,32.03,0.10,17.50,3.07,7,24,1.99,4.46,0.62,1.84
2017,Sully's Hill,12.86,0.10,20.71,13.11,71.76,5.55,9,17,1.98,5.28,0.70,0.47
2017,Tewaukon NWR,22.66,0.41,24.66,2.26,33.89,5.35,11,34,2.37,5.53,0.67,0.79
2017,Thompson WPA,54.86,2.35,9.19,1.76,28.51,4.07,10,25,2.50,9.43,0.78,0.38
2017,Towner WPA,53.11,4.50,36.93,54.19,12.36,2.65,6,14,2.15,6.71,0.82,7.37
2017,Twin Lakes WMA,56.52,2.38,58.24,11.25,8.85,2.01,6,20,2.24,6.17,0.75,7.85
2017,Ullyot,57.06,4.66,57.43,32.43,14.80,2.20,6,16,1.93,5.04,0.70,6.07
2017,Upper Souris 1,48.56,6.31,43.90,29.10,50.59,4.37,10,50,2.68,6.44,0.68,1.44
2017,Upper Souris 2,47.57,2.91,55.88,9.80,32.13,3.04,11,34,2.72,7.74,0.77,2.04
2017,Wallace,67.40,3.42,54.76,13.41,8.01,2.49,5,24,2.69,10.55,0.85,8.51
2017,WEL-149-069-36,30.98,2.19,43.95,0.61,44.39,3.95,9,26,2.07,4.19,0.63,1.00
2017,Wengeler,61.49,5.14,47.47,37.23,8.07,0.85,2,5,1.11,2.69,0.69,10.49
2017,WIL-156-100-16,87.26,5.43,0.00,1.99,18.65,3.19,7,29,2.87,13.13,0.85,0.11
2017,Wilbur Boldt,76.18,6.69,6.93,17.23,10.20,2.08,7,22,2.57,10.31,0.83,2.37
2017,Wild Rice WMA,66.51,7.86,6.32,2.77,43.04,2.81,7,16,2.12,6.17,0.77,0.21
2018,ADA-130-092-36,32.40,2.57,34.53,8.21,18.21,2.51,7,31,2.62,8.96,0.76,2.35
2018,Agnes Marsh WPA,26.79,6.50,13.85,8.55,63.92,7.64,14,43,3.10,16.06,0.82,0.35
2018,Alice WPA 2018,57.36,5.49,12.30,2.33,32.94,4.16,9,19,2.11,6.22,0.72,0.44
2018,Berg West,40.34,4.80,30.07,21.59,25.17,2.70,8,26,2.31,6.47,0.71,2.05
2018,Beugel,32.33,7.57,17.30,44.39,17.91,1.95,5,21,2.36,7.14,0.78,3.45
2018,BIL-144-099-36,70.45,2.15,35.14,3.61,25.78,3.35,13,37,2.42,6.05,0.67,1.50
2018,Billings Lake WPA,22.43,6.23,22.20,16.15,44.32,3.77,9,31,2.65,10.25,0.77,0.87
2018,Bittner,24.09,1.62,35.57,8.18,20.30,3.96,9,27,2.49,7.27,0.75,2.15
2018,Blaha EZ Encha,28.89,1.45,16.42,33.21,14.12,1.59,3,7,0.66,1.52,0.34,3.51
2018,Bluestem Prairie WMA,14.59,5.77,38.28,17.06,31.22,2.74,8,25,1.76,3.42,0.55,1.77
2018,Boom,47.43,4.23,1.79,0.00,39.26,2.70,7,20,1.55,3.12,0.52,0.05
2018,BOT-146-083-36,67.91,3.38,46.05,0.03,50.20,6.23,12,38,2.85,11.51,0.78,0.92
2018,BOT-JCS NWR 1,66.49,2.49,24.22,21.86,33.14,3.92,16,47,2.41,4.69,0.63,1.39
2018,BOT-JCS NWR 2018,74.63,3.53,19.49,26.25,33.28,4.74,9,31,2.42,7.91,0.70,1.37
2018,BOW-131-105-36,25.82,0.17,28.85,0.00,22.84,3.34,9,33,2.40,6.25,0.69,1.26
2018,BRK-162-094-36,83.18,4.12,53.99,0.41,25.57,3.88,12,35,2.78,11.29,0.78,2.13
2018,BRK-Des Lacs NWR 2018,75.64,6.24,40.91,20.47,35.17,4.46,12,34,2.42,7.08,0.69,1.75
2018,BRK-Lostwood NWR 2018,81.82,1.62,35.88,2.84,40.91,5.11,11,40,2.50,5.92,0.68,0.95
2018,BRL-141-078-16,38.41,1.31,30.57,1.25,33.85,6.65,12,44,2.73,8.44,0.72,0.94
2018,Burkhardt,13.72,8.78,20.37,23.24,40.74,3.64,8,35,2.15,5.71,0.61,1.07
2018,Cedar River NG 2018,28.45,1.43,21.18,5.51,19.39,3.68,8,39,3.01,14.06,0.82,1.38
2018,Coal Coulee WPA,87.16,3.36,43.14,6.79,38.45,4.27,11,49,2.62,7.50,0.67,1.30
2018,Cooper,43.22,1.57,26.39,0.98,37.80,4.61,9,37,2.55,8.55,0.71,0.72
2018,Cutting,26.39,1.77,33.34,1.08,36.45,5.62,10,41,2.82,9.99,0.76,0.94
2018,Dayton,57.97,1.68,25.14,4.76,4.22,1.07,5,20,2.56,9.22,0.86,7.08
2018,Deep Valley WPA,21.66,8.16,59.70,2.70,33.92,4.57,10,35,2.41,5.22,0.68,1.84
2018,deTrobrian WMA,59.59,4.07,25.03,3.31,7.26,0.84,5,13,1.60,3.62,0.62,3.90
2018,EDD-150-065-24,27.33,1.42,29.02,0.64,76.08,9.09,18,48,3.07,14.01,0.79,0.39
2018,Elken WPA,52.16,5.55,16.05,2.30,58.18,6.46,12,37,2.82,12.37,0.78,0.32
2018,Emch,13.32,0.39,24.12,0.44,23.51,2.84,9,26,2.44,8.78,0.75,1.04
2018,Engen,17.03,2.99,50.74,0.00,55.47,6.28,13,36,2.34,5.36,0.65,0.91
2018,Erickson ,50.78,1.91,12.36,2.74,31.89,4.31,11,31,2.86,13.25,0.83,0.47
2018,Erie Dam WMA,30.74,7.04,18.31,34.83,14.93,2.23,6,27,2.45,8.47,0.74,3.56
2018,Fairdale WPA,32.26,8.01,29.53,38.89,31.11,4.14,11,32,2.63,9.53,0.76,2.20
2018,Fiechtner,40.71,0.76,33.65,2.06,8.92,2.05,9,25,2.42,6.69,0.75,4.00
2018,Finken,61.85,4.43,45.96,14.71,39.63,3.73,13,53,2.81,9.20,0.71,1.53
2018,Fitzsimond Slough WMA,21.11,5.49,10.07,1.62,39.02,3.97,8,33,2.64,9.62,0.75,0.30
2018,FOS-147-062-26,41.96,1.34,34.46,1.76,30.81,5.35,10,33,2.56,7.98,0.73,1.18
2018,Gaugler North,32.74,0.72,32.03,4.16,21.35,3.92,9,41,2.94,10.99,0.79,1.69
2018,Gaugler South,45.27,0.56,26.55,1.82,9.05,2.30,7,36,2.89,9.77,0.81,3.13
2018,Gerbig,28.28,1.15,22.50,2.06,19.39,3.43,11,38,2.62,7.65,0.72,1.27
2018,GOL-140-104-36,18.58,0.64,15.74,0.00,29.16,4.35,12,38,3.01,12.41,0.83,0.54
2018,Golden Valley,26.49,5.66,25.30,18.04,48.34,5.69,10,35,2.46,6.62,0.69,0.90
2018,GOL-Little Missouri NG 2017,21.79,1.55,16.59,2.43,30.07,3.96,9,47,3.02,13.76,0.78,0.63
2018,Goodrich WPA,72.13,3.50,12.33,46.62,46.82,2.65,5,13,1.31,2.58,0.51,1.26
2018,GRA-137-088-16,21.08,1.11,16.52,0.91,40.07,6.47,12,48,3.16,15.39,0.82,0.44
2018,Graner Bottoms WMA,20.17,3.11,15.37,21.55,39.05,2.12,7,29,2.29,6.31,0.68,0.95
2018,GRI-148-061-16,55.27,2.61,37.13,4.32,51.32,8.23,16,47,2.89,10.44,0.75,0.81
2018,Grohne WPA,15.30,5.49,26.59,31.11,27.94,4.81,10,33,2.49,6.01,0.71,2.07
2018,Gussiaas,16.28,5.80,3.61,17.91,33.45,2.45,6,22,1.95,4.52,0.63,0.64
2018,Hague WMA,10.64,4.07,57.03,3.58,33.48,3.36,6,33,2.61,9.61,0.75,1.81
2018,Hall,78.48,2.07,24.59,9.16,22.67,3.84,10,40,2.86,10.57,0.78,1.49
2018,Hamilton Wills,61.59,6.49,23.45,7.43,22.80,3.01,6,24,2.35,7.23,0.74,1.35
2018,Heiser,62.06,6.49,20.34,30.78,9.80,1.86,7,25,2.43,7.86,0.75,5.22
2018,Herr West,17.74,2.30,38.68,3.04,36.39,5.57,13,53,2.90,10.04,0.73,1.15
2018,HET-133-091-10,33.08,1.31,31.08,2.03,18.92,2.68,7,36,1.89,2.72,0.53,1.75
2018,HET-134-094-16,31.52,1.55,40.27,0.07,17.60,3.50,7,32,2.21,4.14,0.64,2.29
2018,Hille WMA,20.54,3.18,31.15,0.10,27.36,3.30,9,40,2.66,7.43,0.72,1.14
2018,Hillsview WPA,17.53,1.38,57.70,15.64,5.95,0.92,4,15,1.59,2.58,0.59,12.34
2018,Horsehead WMA,37.77,3.84,8.51,43.99,12.94,1.20,5,13,1.82,4.14,0.71,4.06
2018,Jackson,56.76,2.12,51.99,0.00,34.59,5.46,12,45,2.42,4.57,0.64,1.50
2018,Johns Lake WPA,62.03,3.16,36.82,11.28,27.50,5.11,12,46,3.23,17.62,0.84,1.75
2018,Joliet Ferry WMA,22.09,6.78,11.15,11.42,28.95,2.91,6,17,2.07,6.16,0.73,0.78
2018,Kenner Marsh WMA,23.28,5.05,10.61,0.37,37.74,5.18,11,25,2.64,11.56,0.82,0.29
2018,Kraft,83.18,3.00,7.80,13.85,29.59,2.34,10,32,1.94,3.39,0.56,0.73
2018,Kraft Slough,64.26,6.78,12.53,12.87,23.75,2.36,6,15,1.87,4.61,0.69,1.07
2018,Krueger,18.45,3.55,17.09,2.53,28.51,3.51,9,31,2.16,4.69,0.63,0.69
2018,LaFromboise WPA,23.04,2.69,21.55,46.66,27.57,3.73,10,27,2.59,10.12,0.79,2.47
2018,Lake Ilo NWR,25.54,4.50,36.49,29.76,15.27,2.78,8,35,2.94,13.72,0.83,4.34
2018,Lake Washington WMA,16.79,2.76,31.08,27.67,46.28,6.50,12,39,2.89,9.32,0.79,1.27
2018,LAM-136-059-36,45.79,1.18,35.30,9.70,30.24,5.32,11,40,2.59,7.82,0.70,1.49
2018,Lang,15.10,2.11,37.87,18.89,14.83,3.18,10,42,3.08,13.77,0.82,3.83
2018,Lazy M WPA,24.29,4.95,14.32,40.14,28.92,4.19,10,35,2.79,10.99,0.79,1.88
2018,Legge,58.75,5.23,27.97,12.26,26.96,3.46,11,34,2.63,7.89,0.75,1.49
2018,Leppke,26.08,3.84,25.81,5.34,30.34,3.16,8,19,2.14,5.78,0.73,1.03
2018,Lettenmaier WPA,34.46,1.78,9.22,6.79,17.06,3.30,7,40,2.86,11.04,0.78,0.94
2018,Lindy Berg,32.80,0.99,24.05,4.02,40.41,4.47,10,17,1.87,4.12,0.66,0.69
2018,Little Missouri NG 2017,25.61,0.65,19.83,0.03,30.00,3.97,9,35,2.00,3.44,0.56,0.66
2018,Little Missouri NG 2018,41.59,1.27,27.84,0.00,10.14,2.49,8,36,2.59,6.68,0.72,2.75
2018,Lonetree WMA,76.93,2.72,46.86,7.40,43.18,4.43,8,43,2.46,6.51,0.65,1.26
2018,Long Lake WPA,20.84,4.99,37.36,22.09,46.05,5.27,11,48,2.91,9.85,0.75,1.29
2018,Lubenow East Low,19.49,4.82,16.96,20.54,43.78,5.31,13,37,2.53,7.76,0.70,0.86
2018,MCH JCS NWR,41.53,0.60,1.86,0.00,36.59,5.59,10,37,2.92,13.72,0.81,0.05
2018,MCK-146-100-36,69.53,3.36,28.78,0.00,29.26,4.05,11,42,2.58,6.22,0.69,0.98
2018,MCK-Little Missouri NG 2018,51.66,1.73,11.93,0.00,22.40,4.01,11,45,2.69,8.87,0.71,0.53
2018,MER-144-085-16,29.53,2.82,34.80,0.00,22.03,3.54,7,24,2.36,6.05,0.74,1.58
2018,MOR-137-85-16,17.97,0.91,12.74,0.57,30.91,4.50,9,38,2.96,12.33,0.81,0.43
2018,MOR-140-089-16,26.79,1.95,36.69,0.07,29.83,4.03,6,37,2.42,6.76,0.67,1.23
2018,MOU-157-093-36,29.60,1.15,43.61,0.20,47.06,8.23,14,61,3.27,16.77,0.79,0.93
2018,MOU-Lostwood NWR,75.41,3.50,28.01,30.34,46.22,5.66,16,50,2.79,9.09,0.71,1.26
2018,Mund WPA,7.80,1.69,27.53,39.46,28.65,4.43,13,37,2.79,10.50,0.77,2.34
2018,Myrvik WPA,31.81,4.40,17.40,18.24,42.50,4.97,12,33,2.78,12.02,0.79,0.84
2018,NEL-149-061-20,32.33,0.54,32.36,3.07,25.30,3.72,9,35,2.64,9.19,0.74,1.40
2018,NEL-149-061-36,13.72,2.49,32.36,7.33,89.83,11.15,19,58,3.27,17.84,0.81,0.44
2018,Nikolaisen WPA,30.95,3.46,14.39,7.60,46.86,4.35,11,26,1.74,3.11,0.53,0.47
2018,Nordby,40.41,0.60,18.28,3.07,14.19,2.34,6,15,1.42,2.54,0.53,1.50
2018,Northwestern Lakw WPA,44.36,1.32,19.26,10.03,18.51,3.38,7,37,2.76,10.11,0.76,1.58
2018,OLI-143-082-16,33.11,1.31,35.81,7.26,27.53,5.19,10,37,2.65,8.56,0.73,1.56
2018,Olson,38.89,5.09,21.62,34.59,8.92,1.49,4,11,1.50,3.53,0.63,6.30
2018,Orts,28.55,8.55,40.20,29.73,19.59,2.66,6,18,1.93,5.02,0.67,3.57
2018,Otto Spies WMA,60.24,9.00,14.05,30.81,27.74,3.93,10,38,2.85,12.54,0.78,1.62
2018,Pembina Hills WMA,51.11,0.77,17.30,19.76,14.66,2.57,7,25,2.41,8.39,0.75,2.53
2018,Personius WPA,29.73,0.88,7.16,38.51,27.50,4.18,10,34,2.79,10.19,0.79,1.66
2018,Phil Aus WPA,6.39,0.23,19.86,7.87,43.72,3.62,7,18,1.83,4.10,0.63,0.63
2018,PIE-154-074-16,27.94,1.54,32.09,1.93,39.49,4.43,12,41,2.75,10.25,0.74,0.86
2018,RAN-Sheyenne,20.47,2.04,9.05,0.00,47.33,5.54,11,50,2.89,11.76,0.74,0.19
2018,Rath/Wonnenburg WPA,20.61,2.19,11.69,10.14,37.91,5.81,11,44,3.07,13.60,0.81,0.58
2018,Reinke,61.89,3.38,25.64,18.31,20.71,3.07,11,32,1.70,2.40,0.49,2.12
2018,REN-162-086-36,49.89,2.53,39.49,0.37,54.80,7.72,13,50,3.02,12.25,0.77,0.73
2018,REN-164-084-36,51.54,1.30,32.23,0.51,65.30,7.09,14,45,3.09,15.13,0.81,0.50
2018,REN-Upper Souris NWR 2018,60.99,2.68,41.82,13.11,41.11,6.31,18,53,3.12,13.20,0.79,1.34
2018,RIC-136-52-36,48.85,1.34,14.29,0.00,28.28,3.82,8,35,2.56,6.91,0.72,0.51
2018,RIC-Sheyenne NG,21.66,0.61,12.06,0.37,28.65,4.04,8,42,2.81,8.07,0.75,0.43
2018,Rogers,62.84,7.28,20.17,20.78,21.76,4.00,11,35,2.88,13.22,0.81,1.88
2018,ROL-160-071-36,21.05,2.45,36.99,0.00,65.00,4.78,10,41,2.55,6.80,0.69,0.57
2018,ROL-162-072-36,24.63,3.42,47.47,4.86,38.65,4.43,11,52,2.98,10.89,0.75,1.35
2018,Salander,54.53,2.27,17.26,8.85,26.66,4.92,12,35,2.77,11.66,0.78,0.98
2018,Schiermeister WPA,33.51,5.45,28.51,5.51,31.72,3.69,9,42,2.87,10.30,0.77,1.07
2018,Schill,29.05,1.72,28.07,13.34,38.14,2.89,6,18,1.98,5.20,0.68,1.09
2018,Schmidt,22.36,2.68,14.73,28.11,23.95,3.12,8,42,2.98,12.76,0.80,1.79
2018,Shade,15.10,1.36,41.39,0.68,19.53,2.99,7,36,2.72,9.49,0.76,2.15
2018,SIO-130-085-36,33.68,1.13,19.12,5.74,21.25,4.15,9,42,2.56,7.21,0.69,1.17
2018,SIO-130-90-36,25.71,0.91,37.16,0.84,23.48,4.07,7,37,2.80,9.91,0.77,1.62
2018,Slade NWR,35.98,3.39,10.10,45.54,16.39,2.72,7,35,2.74,10.35,0.77,3.40
2018,Soo Grade WPA,83.21,2.92,14.97,8.78,52.64,2.85,6,23,1.72,3.53,0.55,0.45
2018,Southward,57.64,7.38,38.68,1.59,33.61,3.81,9,39,2.67,8.44,0.73,1.20
2018,Spangrud WPA,54.15,3.58,27.26,18.48,50.14,5.86,13,52,3.14,13.72,0.80,0.91
2018,Spring Creek,30.71,16.99,23.92,46.59,1.52,0.46,3,16,2.15,5.18,0.77,46.38
2018,Sproule,17.40,2.14,3.11,15.10,60.51,3.88,7,25,2.12,5.18,0.66,0.30
2018,Sproule North,30.54,3.18,9.56,23.07,44.53,4.11,9,23,2.40,9.00,0.77,0.73
2018,Sproule South,53.97,4.76,8.04,2.40,18.36,2.59,7,26,2.35,6.58,0.72,0.57
2018,STA-139-095-36,13.51,1.16,12.94,11.11,36.89,5.86,10,38,2.67,9.32,0.73,0.65
2018,STA-140-094-16,21.32,3.14,50.84,0.27,20.03,4.34,10,35,2.95,13.14,0.83,2.55
2018,Stack Slough,54.39,4.35,5.00,0.20,50.03,4.99,11,25,2.17,5.78,0.67,0.10
2018,Stedman,41.55,1.57,25.98,4.19,27.94,3.77,9,39,2.74,8.63,0.75,1.08
2018,STU-138-064-36,27.06,1.90,33.34,25.57,28.45,4.89,12,35,2.94,12.81,0.83,2.07
2018,Sully's Hill NWR,2.50,2.09,9.86,2.84,74.76,5.93,11,37,2.62,9.96,0.72,0.17
2018,Swan Lake WPA,39.05,3.93,29.97,29.43,20.84,2.18,7,27,2.51,8.04,0.76,2.85
2018,Taylor Central,41.16,0.69,9.59,0.03,27.57,4.80,9,44,3.08,14.71,0.81,0.35
2018,Taylor North,42.02,0.78,7.09,0.00,24.43,2.50,6,25,2.03,4.14,0.63,0.29
2018,Tewaukon NWR,38.92,0.95,11.89,2.77,41.82,6.42,12,34,2.51,7.70,0.71,0.35
2018,Toay,37.77,2.53,0.47,57.06,19.66,2.53,7,16,1.60,3.43,0.58,2.93
2018,Tobacco Gardens WMA,70.21,2.32,6.93,0.03,21.66,3.81,11,52,3.24,17.01,0.82,0.32
2018,TUHY,28.18,0.82,33.82,7.67,19.49,3.55,8,36,2.95,13.86,0.82,2.13
2018,Van Hook WMA,83.32,5.81,33.31,14.63,22.13,2.31,7,30,2.07,3.72,0.61,2.17
2018,Vander Vorst,22.94,0.78,30.98,1.72,26.96,4.07,8,43,2.96,11.98,0.79,1.21
2018,Voigt,33.01,0.59,19.22,9.43,20.51,4.20,10,38,3.06,15.66,0.84,1.40
2018,WAL-155-058-08,28.72,4.23,39.70,11.49,6.25,0.85,7,21,2.12,4.37,0.70,8.19
2018,WAR-Upper Souris NWR,85.81,6.11,28.58,7.74,54.80,4.93,9,42,2.46,5.89,0.66,0.66
2018,Weber WPA,26.35,2.45,35.07,9.29,36.11,5.76,13,46,2.82,10.19,0.74,1.23
2018,Weinmann,12.94,7.97,38.34,28.95,49.76,3.23,12,28,2.23,4.98,0.67,1.35
2018,WEL-149-069-36,29.36,1.16,50.81,0.57,30.64,3.74,9,26,2.04,4.16,0.63,1.68
2018,Wells County WMA,30.37,3.61,30.27,7.74,37.74,4.26,8,32,2.06,4.54,0.60,1.01
2018,Wenstad,76.96,2.73,20.37,24.29,34.32,1.20,5,13,0.34,1.14,0.13,1.30
2018,White,32.20,1.19,32.57,0.14,13.18,2.16,5,25,1.95,3.83,0.61,2.48
2018,WIL-156-101-16,46.81,1.17,44.39,0.03,18.31,3.80,8,36,2.84,11.30,0.79,2.43
2019,ADA-130-092-36,47.80,4.08,16.55,9.35,27.90,3.88,8,32,2.55,8.55,0.74,0.93
2019,Agnes Marsh WPA,94.55,5.66,8.25,17.70,46.90,6.84,11,39,2.94,13.13,0.80,0.55
2019,ARDOCH NWR,82.55,4.94,7.70,23.25,23.75,3.32,6,17,2.19,6.59,0.77,1.30
2019,Art Brazda WMA,46.70,4.22,42.00,16.10,38.45,3.42,7,27,2.06,4.35,0.63,1.51
2019,Audobon Brigham,14,1.02,38.8,27.45,43,2.44,6,20,1.84,3.65,0.61,1.54
2019,Audobon wicks,81.60,1.32,7.85,4.35,33.33,5.56,10,39,2.64,8.37,0.72,0.37
2019,BAR-142-059-12,90.00,1.58,58.45,3.95,64.30,7.54,16,54,3.07,12.43,0.77,0.97
2019,Barr WPA,34.20,1.02,20.60,40.00,42.00,3.96,8,26,2.48,8.40,0.76,1.44
2019,BEN ELSTAD,88.80,9.44,33.70,15.05,25.00,2.06,6,17,1.17,1.94,0.41,1.95
2019,BEN-156-071-16,81.35,5.65,39.75,19.55,36.40,2.88,7,29,1.50,2.22,0.44,1.63
2019,BIL Little Missouri NG 3,38.30,0.57,14.15,0.65,30.95,4.20,10,39,2.55,6.85,0.70,0.48
2019,BIL-144-099-36,27.60,2.30,41.90,0.40,24.30,5.20,9,48,2.99,12.35,0.77,1.74
2019,Billings Lake WPA,83.10,5.82,28.75,27.70,43.30,4.72,9,26,2.23,6.19,0.68,1.30
2019,BJERKE WPA,75.35,5.00,28.40,35.55,21.05,3.48,9,27,2.64,10.33,0.80,3.04
2019,Blaha Dozer Q,45.35,6.00,4.30,9.05,18.20,1.54,3,10,0.56,1.33,0.24,0.73
2019,Blaha Wolf Butte,46.50,8.96,2.60,2.35,27.60,1.40,2,2,0.21,1.11,0.30,0.18
2019,BOT JCS NWR 1 ,93.55,3.84,8.75,2.65,14.85,3.98,8,30,2.58,7.04,0.76,0.77
2019,BOT JCS NWR 4 ,95.10,4.76,13.00,0.85,25.30,3.82,6,26,1.72,3.26,0.53,0.55
2019,BOT-160-080-36,73.65,1.50,7.95,1.20,25.70,5.06,14,40,2.68,6.81,0.73,0.36
2019,BOW-131-105-36,16.30,0.29,4.65,1.95,30.45,4.70,9,34,2.88,11.92,0.82,0.22
2019,BRK-162-094-36,97.50,7.32,12.60,0.00,11.20,4.00,8,17,2.59,11.70,0.92,1.13
2019,BRL-137-078-36,7.70,1.05,36.40,15.70,21.50,2.76,4,18,1.97,4.99,0.68,2.42
2019,BUFFALO LAKE WMA,75.50,6.42,19.85,30.45,33.90,3.52,8,28,2.42,7.33,0.73,1.48
2019,BUR-137-078-36,15.70,3.28,66.90,1.30,53.40,4.76,8,18,2.25,6.41,0.78,1.28
2019,Chase Lake WMA,45.75,2.60,26.10,36.70,24.95,4.04,9,27,2.47,7.88,0.75,2.52
2019,CLAUSEN SPRINGS WMA,96.10,9.06,30.95,2.40,35.85,2.92,7,21,1.75,3.29,0.58,0.93
2019,Coal Coulee WPA,84.50,4.68,34.90,3.05,15.35,4.30,10,36,2.79,10.35,0.78,2.47
2019,Crawford Oakville Prairie WMA,68.40,7.20,21.20,9.40,77.10,7.50,12,24,2.47,9.10,0.78,0.40
2019,DIV-161-102-16,80.70,3.36,3.40,0.30,13.95,4.08,8,31,2.81,10.84,0.82,0.27
2019,Duhr,25.50,1.45,51.30,8.05,50.00,4.30,10,31,2.52,8.07,0.73,1.19
2019,EDD-150-065-07,64.85,1.82,35.70,3.45,73.20,9.58,15,42,2.78,9.24,0.74,0.53
2019,EDD-150-065-24,66.70,4.86,57.70,5.75,64.30,9.96,16,54,3.12,13.10,0.78,0.99
2019,Elken WPA,96.60,5.40,14.50,3.20,64.50,6.40,14,34,2.85,12.73,0.81,0.27
2019,ELLIOTT,37.00,1.24,47.65,4.60,51.90,6.64,12,30,2.50,8.91,0.73,1.01
2019,EMM-129-077-16,50.60,1.84,50.00,3.85,35.05,3.26,6,22,2.25,7.20,0.73,1.54
2019,EMM-133-074-16,2.55,1.66,51.75,2.30,30.85,5.32,12,30,2.59,7.98,0.76,1.75
2019,Erie Dam WMA,97.05,5.56,11.70,20.40,11.10,2.06,5,17,2.40,9.11,0.85,2.89
2019,Fairdale WPA,89.20,7.56,16.95,13.50,15.75,3.46,8,20,2.29,6.62,0.76,1.93
2019,Fitzsimond Slough WMA,61.05,7.12,13.60,40.75,31.30,2.90,5,21,2.05,5.65,0.67,1.74
2019,FOS-147-062-26,16.00,1.45,55.73,6.90,59.80,6.04,13,33,2.93,14.74,0.84,1.05
2019,Fuller Lake WPA,89.60,2.12,27.10,26.85,28.85,4.24,12,31,2.76,11.48,0.81,1.87
2019,Gaugler CRP,29.25,2.48,6.45,54.95,23.30,1.90,5,9,1.19,2.56,0.54,2.64
2019,GFO-151-056-16,45.85,4.44,40.70,16.70,30.25,4.56,9,33,2.67,9.39,0.76,1.90
2019,GOL Little Missouri NG 1,30.15,1.70,16.65,3.10,36.95,4.60,10,42,3.03,13.54,0.81,0.53
2019,GOL Little Missouri NG 2,33.95,0.80,32.15,0.10,46.40,4.92,12,38,2.61,8.63,0.72,0.70
2019,GOL Little Missouri NG 3,32.65,0.66,12.25,1.25,44.75,6.60,11,46,3.00,11.88,0.78,0.30
2019,Goven,94.40,4.00,4.80,5.85,15.90,4.98,9,45,3.05,12.98,0.80,0.67
2019,GRA-133-083-16,31.85,0.98,26.50,3.15,41.50,5.34,9,40,2.57,8.84,0.70,0.71
2019,GRA-137-088-16,34.75,1.86,13.85,1.05,39.50,6.76,15,45,3.14,16.36,0.82,0.38
2019,GRI-148-061-16,91.70,1.98,25.15,4.95,74.80,10.64,16,56,3.26,17.95,0.81,0.40
2019,GRINSTEAD WPA,97.15,7.74,21.40,23.05,15.65,2.82,7,20,2.45,8.38,0.82,2.84
2019,Grohne WPA,60.75,3.68,36.00,29.65,52.15,4.62,9,27,2.44,7.50,0.74,1.26
2019,Hansen,32.50,1.06,19.30,2.90,44.45,5.02,10,32,2.44,7.37,0.71,0.50
2019,Haven Hills WMA,75.35,3.88,10.45,61.60,25.25,2.20,5,15,1.41,2.19,0.52,2.85
2019,HAVEN WPA,73.90,7.70,45.65,33.10,55.95,7.44,14,41,2.76,10.81,0.74,1.41
2019,Herr East,49.00,2.18,62.30,4.15,44.60,3.90,8,24,2.46,9.20,0.77,1.49
2019,HET-136-091-34,28.45,0.68,35.85,0.50,43.10,6.24,11,40,2.79,9.98,0.76,0.84
2019,Hewson,38.30,0.74,4.65,22.45,15.80,2.46,8,22,2.21,4.74,0.71,1.72
2019,Hille WMA,93.60,5.58,2.95,0.90,19.20,3.02,7,31,2.07,3.52,0.60,0.20
2019,Hillsview WPA,79.05,5.46,23.75,16.25,10.00,1.66,5,12,1.79,4.44,0.72,4.00
2019,Indian Creek WMA 2,44.50,5.92,3.30,3.65,46.55,2.34,5,11,1.04,1.86,0.43,0.15
2019,Johns Lake WPA,80.10,4.74,27.15,6.10,23.80,6.84,17,55,3.37,19.95,0.84,1.40
2019,Johnson's Gulch WMA,32.40,3.22,37.95,27.75,36.50,3.46,8,33,1.87,3.75,0.53,1.80
2019,Kenner Marsh WMA,88.65,12.90,13.15,26.00,13.35,3.52,6,25,2.61,10.01,0.81,2.93
2019,KID-138-074-16,16.90,1.98,57.40,6.05,20.90,3.72,9,25,2.56,9.28,0.80,3.04
2019,Killdeer Mtns WMA 2,35.65,1.54,25.65,0.10,47.45,5.18,9,52,2.97,11.62,0.75,0.54
2019,Kraft slough WPA 2,92.50,3.36,15.90,10.75,22.40,2.48,6,19,2.08,5.02,0.71,1.19
2019,Kromerek,32.40,1.29,12.85,2.85,19.05,3.62,8,32,3.04,16.49,0.88,0.82
2019,Lake Ilo NWR,64.25,2.80,22.10,18.35,20.75,3.50,7,33,2.95,14.90,0.84,1.95
2019,LAM-133-065-36,50.30,3.12,75.70,1.90,48.18,3.68,7,29,1.80,3.15,0.53,1.61
2019,LAM-136-059-36,23.85,2.22,52.80,9.10,30.70,3.24,6,29,2.38,7.40,0.71,2.02
2019,LAMBS LAKE NWR,85.00,6.98,17.60,16.55,23.10,3.60,7,16,2.23,7.08,0.80,1.48
2019,Lazy M WPA,78.10,4.30,15.05,53.90,38.60,3.42,8,27,2.52,8.49,0.76,1.79
2019,Lettenmaier WPA,62.55,3.78,14.25,2.40,19.35,3.48,8,29,2.67,9.48,0.79,0.86
2019,Lick North,16.80,2.13,26.57,8.70,18.13,3.28,10,39,2.85,10.92,0.78,1.94
2019,LOG-134-071-36,14.05,1.04,49.35,0.65,83.98,6.28,11,32,2.54,8.81,0.73,0.60
2019,LOG-135-070-16,26.40,26.98,40.05,1.85,55.85,4.20,8,26,2.38,6.51,0.73,0.75
2019,Lonetree WMA,61.00,3.49,53.75,4.05,43.95,1.76,3,13,1.56,3.23,0.61,1.32
2019,Long Lake WPA,50.10,6.66,36.10,12.15,37.80,5.78,12,40,3.16,17.68,0.86,1.28
2019,LUBENOW EAST HIGH,61.55,4.20,21.95,16.80,54.80,4.96,9,16,2.00,4.57,0.72,0.71
2019,LUBENOW WEST LOW,56.45,2.46,15.50,19.50,52.80,5.12,14,36,2.80,10.14,0.78,0.66
2019,Lutz East,5.90,0.75,50.20,10.80,48.55,3.34,9,23,2.34,7.57,0.75,1.26
2019,Lutz West ,8.80,0.80,46.20,13.60,63.15,4.06,8,23,2.30,7.55,0.74,0.95
2019,MCH JCS NWR,8.15,0.00,3.75,0.10,17.65,5.48,10,33,2.93,13.24,0.84,0.22
2019,MCI Mund WPA,51.60,4.12,24.70,55.80,65.50,3.68,7,20,2.49,9.27,0.83,1.23
2019,MCK Little Missouri NG 3,27.75,1.70,13.85,1.80,41.80,5.36,9,43,2.94,13.05,0.78,0.37
2019,MCK Little Missouri NG 4,30.70,0.62,21.40,2.20,38.90,4.60,12,41,2.46,6.36,0.66,0.61
2019,MCK-146-100-36,43.30,3.26,23.50,1.65,43.25,4.50,10,40,2.47,6.55,0.67,0.58
2019,MER-144-089-16,88.30,1.68,3.10,0.25,17.50,5.38,10,39,2.94,12.01,0.80,0.19
2019,Minot AFB East,37.50,4.38,27.10,25.75,19.50,2.44,7,21,2.15,5.99,0.71,2.71
2019,Minot AFB West,26.85,3.17,63.40,7.75,8.25,1.66,4,15,1.88,4.51,0.69,8.62
2019,Missouri Breaks WMA,97.15,8.72,7.20,15.60,4.95,1.60,7,19,2.08,4.95,0.71,4.61
2019,MOR-138-083-36,38.65,2.64,29.55,0.10,48.20,6.42,13,45,2.79,10.74,0.73,0.62
2019,MOR-140-089-16,30.35,1.88,29.60,2.95,60.90,5.88,9,43,2.63,9.73,0.70,0.53
2019,MOU Lostwood NWR1,92.80,4.16,5.75,15.05,33.68,7.34,16,42,2.72,7.94,0.73,0.62
2019,MOU-153-091-16,92.00,4.40,6.05,0.05,36.85,8.34,16,44,2.71,6.04,0.72,0.17
2019,MULBERRY CREEK WPA,82.00,4.40,27.70,37.05,24.00,3.84,7,18,2.24,7.31,0.77,2.70
2019,Mund WPA,52.80,2.32,49.80,19.40,25.90,3.24,5,14,2.24,7.94,0.85,2.67
2019,NEL-149-061-36,58.20,2.43,34.35,19.15,66.10,11.44,22,65,3.39,19.17,0.81,0.81
2019,Nikolaisen WPA,83.90,9.14,16.75,22.10,63.50,5.78,11,26,2.41,6.99,0.74,0.61
2019,Northwestern Lake WPA,14.95,0.81,51.65,11.60,52.60,4.44,11,42,2.88,11.11,0.77,1.20
2019,Odermann East,46.10,1.68,38.75,1.35,11.50,2.14,8,28,2.66,10.24,0.80,3.49
2019,OLI-143-082-16,30.05,1.80,50.10,6.50,53.80,4.66,9,31,2.37,6.82,0.69,1.05
2019,Otto Spies WMA,95.15,5.36,20.90,37.45,30.30,3.50,9,26,2.75,12.13,0.84,1.93
2019,OVERBOE,96.25,6.62,25.50,25.60,32.00,2.30,5,17,1.27,2.36,0.45,1.60
2019,Personius WPA,52.10,5.34,11.25,61.20,36.05,2.84,5,20,2.23,5.92,0.75,2.01
2019,PIE-152-073-16,68.15,3.76,27.75,12.40,52.60,6.28,13,43,2.91,13.27,0.77,0.76
2019,PUNG WPA,75.90,4.12,26.45,39.05,33.55,3.92,10,27,2.39,7.02,0.72,1.95
2019,RAM ELSTAD,85.15,2.72,6.10,35.45,33.10,3.66,6,14,1.88,5.22,0.71,1.26
2019,RAN SHEYENNE NG 2,82.00,3.58,8.90,5.20,57.50,5.62,10,34,2.67,8.81,0.76,0.25
2019,RAN-Sheyenne NG 1,81.75,1.48,21.80,6.45,56.00,7.02,17,50,3.05,13.99,0.78,0.50
2019,Rath/Wonnenburg WPA,36.30,1.76,29.80,23.40,60.60,4.78,11,32,2.67,10.31,0.77,0.88
2019,REN Upper Souris NWR4,81.05,1.34,14.55,1.00,33.10,6.32,11,38,2.37,4.84,0.65,0.47
2019,REN-163-084-16,90.05,1.50,11.30,0.10,29.30,7.38,14,39,2.88,11.05,0.79,0.39
2019,REN-164-084-36,92.45,1.08,6.40,2.25,34.60,10.18,18,49,3.25,18.12,0.83,0.25
2019,RIC Sheyenne NG 2,77.90,0.62,17.30,0.55,44.05,4.60,11,36,2.45,6.19,0.68,0.41
2019,Rick Schmidt,31.35,1.41,48.90,14.55,21.10,2.40,5,24,2.29,5.41,0.72,3.01
2019,RIC-Sheyenne NG 1,38.05,0.88,13.55,1.60,26.00,3.64,7,29,2.34,6.09,0.70,0.58
2019,ROL-161-069-22,40.65,7.14,51.70,9.90,33.15,3.94,10,29,2.22,6.00,0.66,1.86
2019,ROL-162-072-36,78.85,6.58,42.95,17.30,40.55,4.90,10,44,2.74,8.02,0.73,1.49
2019,Round Lake Township WMA,95.20,6.00,4.60,13.50,18.60,3.48,8,25,2.42,8.05,0.75,0.97
2019,SAHL WPA,82.35,6.72,26.85,21.80,43.20,3.58,7,26,2.22,7.20,0.68,1.13
2019,Salt Flats WMA,94.05,4.54,5.50,2.15,18.40,2.22,6,21,1.66,3.16,0.55,0.42
2019,Sand,17.50,1.34,16.00,21.95,41.05,2.68,8,16,1.61,3.01,0.58,0.92
2019,Sand West ,15.80,1.16,16.60,10.30,19.90,3.24,5,19,2.13,5.65,0.72,1.35
2019,SAR-129-058-5,59.80,0.42,20.00,3.15,35.25,4.86,9,25,2.06,4.99,0.64,0.66
2019,Schiermeister WPA,60.30,3.54,47.20,9.55,46.35,2.96,7,25,2.27,5.63,0.71,1.22
2019,Shaw WPA 2,30.95,7.26,22.35,35.30,23.90,3.88,8,27,2.21,5.60,0.67,2.41
2019,SIBLEY LAKE NWR,95.00,5.30,19.95,24.30,32.85,3.58,8,21,2.22,6.66,0.73,1.35
2019,SIO Cedar River NG 3,43.80,1.30,20.55,16.40,24.15,3.80,8,27,2.64,10.04,0.80,1.53
2019,SIO Cedar River NG 4,35.25,1.20,17.10,2.20,38.80,4.38,9,37,2.31,4.19,0.64,0.50
2019,SIO-130-085-36,20.25,0.70,7.05,1.55,56.35,6.60,10,42,2.67,8.26,0.71,0.15
2019,SLO Little Missouri NG 1,18.05,0.16,13.90,1.55,36.00,4.30,11,45,2.46,5.73,0.65,0.43
2019,SLO Little Missouri NG 2,54.35,2.74,16.40,2.20,14.70,2.76,7,19,2.25,6.91,0.76,1.27
2019,Soo Grade WPA,91.70,1.54,5.05,3.70,37.80,4.46,11,38,2.30,6.33,0.63,0.23
2019,southward south,77.80,5.96,24.25,31.90,57.65,8.78,17,56,3.12,14.69,0.78,0.97
2019,Spangrud WPA,89.60,5.12,4.00,3.95,22.95,4.68,9,36,2.71,8.47,0.76,0.35
2019,SPROULE EAST,94.95,6.44,10.25,1.40,13.10,1.82,6,12,1.77,4.57,0.71,0.89
2019,STA-137-099-16,18.90,0.66,20.70,0.10,40.30,6.50,13,38,2.90,11.41,0.80,0.52
2019,STA-138-092-16,29.10,1.26,33.75,0.05,30.65,4.64,13,42,2.40,4.69,0.64,1.10
2019,STA-140-094-16,40.85,2.24,47.10,1.25,38.60,5.76,13,45,3.09,15.03,0.81,1.25
2019,Staael north 1,97.10,8.74,2.50,23.35,20.60,2.84,6,10,1.60,3.16,0.69,1.25
2019,Staael south 1,87.75,7.18,2.50,33.80,22.47,3.86,6,17,1.91,4.68,0.68,1.62
2019,STORDALEN,77.95,0.64,24.70,17.90,36.60,4.88,11,39,2.39,4.62,0.65,1.16
2019,Storm Creek Lake WMA,62.75,8.82,39.45,15.85,11.95,2.14,7,31,2.51,6.71,0.73,4.63
2019,SULLY'S LAKE NWR,65.00,8.38,18.50,7.95,71.50,8.40,14,35,2.54,8.85,0.72,0.37
2019,Taylor East,88.65,1.94,3.10,0.00,12.75,4.12,12,30,3.00,16.04,0.88,0.24
2019,Tewaukon NWR,68.35,0.66,12.90,4.15,60.60,7.28,11,35,2.76,11.37,0.77,0.28
2019,TOW-161-066-15,40.15,2.98,25.20,21.65,52.65,6.80,14,39,2.60,6.01,0.71,0.89
2019,TOW-163-066-21,42.20,2.18,17.70,14.05,32.35,6.88,13,39,3.15,17.21,0.86,0.98
2019,TREGO,82.30,2.60,14.85,16.05,38.10,4.56,8,30,2.84,13.08,0.83,0.81
2019,Trego North,88.95,2.38,2.7,6.45,29.45,6.52,13,50,3.09,12.71,0.79,0.31
2019,Trego West 1,87.30,3.00,5.55,13.55,24.10,6.24,13,46,3.22,15.40,0.84,0.79
2019,TWIN LAKE WPA,81.65,6.10,17.25,31.15,10.45,2.50,6,20,2.20,6.06,0.73,4.63
2019,WAR Upper Souris NWR 1,95.75,6.70,5.45,4.15,28.70,3.26,8,27,1.47,2.09,0.45,0.33
2019,WEL-149-069-36,8.35,0.42,72.40,0.05,54.05,4.24,10,24,2.34,6.51,0.74,1.34
2019,WEL-150-070-22,41.90,1.48,68.25,0.00,33.70,4.02,9,27,2.61,9.78,0.79,2.03
2019,Zahn,30.75,1.78,26.60,0.10,49.20,4.82,14,47,2.98,10.88,0.77,0.54
2019,Zahn West,93.00,4.98,2.50,5.65,25.10,2.46,6,10,0.69,1.37,0.30,0.32
2019,ZIEGLER WPA,73.20,9.65,41.10,8.55,32.70,2.40,6,24,0.92,1.47,0.29,1.52
2020,ADA-130-092-36,44.60,4.30,19.20,8.90,19.00,2.48,5,23.00,2.54,9.81,0.81,1.48
2020,Agnes Marsh WPA,39.40,4.66,13.75,13.00,71.35,5.70,10,31.00,2.49,6.45,0.73,0.37
2020,Audubon Brigham Cell 12,9.80,2.18,4.65,4.30,9.65,2.76,6,21.00,2.41,6.41,0.79,0.93
2020,Audubon Wicks Cell 3,76.75,4.28,18.50,0.65,20.50,4.20,10,31.00,2.65,9.00,0.77,0.93
2020,BAR-141-061-28,15.98,3.82,24.35,2.85,33.00,5.46,10,34.00,2.71,11.51,0.77,0.82
2020,Beatty WPA,14.00,4.18,35.15,1.15,27.20,3.84,10,38.00,2.91,12.16,0.80,1.33
2020,Beaver Creek WMA,35.77,11.76,23.80,2.20,37.70,3.88,11,45.00,2.46,5.73,0.65,0.69
2020,BEN-151-070-16,24.65,1.89,38.25,3.10,59.95,4.28,10,27.00,2.67,10.85,0.81,0.69
2020,BIL-144-099-36,33.95,2.28,34.45,1.25,25.90,4.40,10,40.00,2.48,6.01,0.67,1.38
2020,Billings Lake WPA,41.84,3.24,31.95,23.10,22.75,3.68,8,25.00,2.52,8.49,0.78,2.42
2020,BIL-Little Missouri NG 4,20.97,1.40,31.75,0.00,18.55,3.34,6,35.00,2.68,8.93,0.75,1.71
2020,Blaha Cedar Creek,55.00,5.56,11.70,19.45,8.95,1.72,7,17.00,1.28,1.89,0.45,3.48
2020,Blaha South Russian Slough,57.10,5.22,3.35,10.50,10.60,1.90,5,13.00,1.31,2.26,0.51,1.31
2020,BOT-JCS NWR 1,27.10,5.47,41.75,10.95,33.65,4.28,12,42.00,2.64,7.68,0.71,1.57
2020,BOW-131-105-36,19.10,1.96,26.10,0.70,13.50,3.26,7,29.00,2.70,10.28,0.80,1.99
2020,BOW-132-102-36,33.00,2.94,39.05,5.30,14.45,3.84,8,32.00,2.80,10.25,0.81,3.07
2020,Bower,37.28,4.42,10.65,4.45,28.15,3.12,7,23.00,2.18,5.76,0.69,0.54
2020,BRK-162-094-36,37.30,6.49,57.80,3.15,26.85,2.96,6,30.00,2.34,5.16,0.69,2.27
2020,Brummond,23.10,4.66,6.40,15.55,10.15,2.48,6,10.00,2.04,6.47,0.89,2.16
2020,BUR-141-075-36,59.20,6.24,40.80,4.80,42.65,6.14,12,37.00,2.71,8.96,0.75,1.07
2020,Cisinkski,45.85,11.60,6.25,38.25,27.80,2.50,5,10.00,1.27,2.64,0.55,1.60
2020,Coal Coulee WPA,22.40,9.32,58.95,9.80,51.55,5.52,12,48.00,3.00,11.19,0.78,1.33
2020,Coleman,28.60,2.44,1.40,6.00,7.15,2.04,5,13.00,2.10,6.03,0.82,1.03
2020,Davy,41.33,13.38,31.70,20.85,65.30,5.62,11,38.00,2.59,8.33,0.71,0.80
2020,DIV-162-102-36,31.45,7.04,14.55,0.80,28.15,4.60,12,39.00,3.07,15.64,0.84,0.55
2020,DUN-142-097-16,17.30,1.33,34.35,0.00,25.50,4.74,13,48.00,2.94,11.92,0.76,1.35
2020,DUN-146-091-16,39.10,2.56,23.25,0.00,32.60,5.94,11,37.00,2.63,7.03,0.73,0.71
2020,Duncan WPA,48.20,5.86,18.60,6.65,78.35,5.18,9,25.00,2.65,11.93,0.82,0.32
2020,EDD-150-065-24,32.01,2.90,34.25,0.00,45.45,5.20,9,32.00,2.74,10.81,0.79,0.75
2020,EDD-Larson WPA,83.25,5.50,57.50,20.40,61.85,4.44,9,26.00,2.53,9.17,0.78,1.26
2020,Elken WPA,19.50,4.28,2.00,1.25,25.60,5.66,10,19.00,2.44,8.40,0.83,0.13
2020,EMM-132-078-16,73.35,8.70,27.95,2.15,53.15,5.24,11,39.00,2.73,10.30,0.75,0.57
2020,Erie Dam WMA,16.35,3.86,5.80,9.30,5.30,1.76,6,13.00,2.03,6.22,0.79,2.85
2020,Erie Dam WMA 2,47.81,4.74,22.95,29.50,14.75,3.16,9,23.00,2.27,6.12,0.72,3.56
2020,Fairdale WPA,44.50,5.14,30.00,3.70,30.00,2.70,7,16.00,2.06,6.13,0.74,1.12
2020,Fitzsimond Slough WMA,31.30,6.64,19.30,15.30,30.00,2.36,6,18.00,1.77,3.88,0.61,1.15
2020,Flemmer,37.55,9.44,0.65,16.55,33.20,1.26,2,6.00,0.33,1.17,0.19,0.52
2020,FOS-147-062-26,41.67,3.29,52.20,5.05,70.55,6.58,14,32.00,2.78,12.58,0.80,0.81
2020,FOS-147-063-22,64.20,5.72,46.70,3.80,20.00,3.54,9,27.00,2.69,10.00,0.82,2.53
2020,FOS-147-064-16,52.90,5.18,49.30,0.25,63.40,6.88,15,39.00,2.57,7.04,0.70,0.78
2020,Gabrielson,32.20,4.38,5.25,31.40,24.55,3.70,7,16.00,1.89,4.95,0.68,1.49
2020,Gillund,27.01,3.82,22.00,5.05,45.30,5.62,10,42.00,2.93,12.93,0.78,0.60
2020,GOL-139-105-36,37.80,3.40,13.90,2.40,22.05,4.42,10,41.00,2.99,11.98,0.81,0.74
2020,GOL-Little Missouri NG 1,34.85,4.76,18.30,4.00,22.50,3.64,9,37.00,2.91,13.09,0.81,0.99
2020,GOL-Little Missouri NG 4,23.30,1.72,8.45,0.00,16.90,4.00,8,40.00,2.97,11.47,0.81,0.50
2020,Goosey,71.15,7.06,51.95,1.65,30.00,5.74,11,27.00,2.63,10.51,0.80,1.79
2020,GRA-132-089-13,42.35,3.58,14.70,3.60,32.80,4.04,10,37.00,1.66,2.16,0.46,0.56
2020,GRA-137-088-16,40.25,3.34,14.40,0.05,18.25,4.22,8,35.00,3.01,15.61,0.85,0.79
2020,GRI-148-061-16,22.75,2.54,34.85,5.60,32.75,7.24,13,42.00,2.69,8.24,0.72,1.24
2020,GRI-Larson WPA,6.55,2.44,2.90,8.10,11.00,1.90,5,14.00,2.04,5.56,0.77,1.00
2020,Grohne WPA,69.55,6.88,24.95,32.90,68.65,6.08,11,32.00,2.54,8.64,0.73,0.84
2020,Gross,59.45,4.80,53.30,13.90,18.40,3.20,9,32.00,2.45,5.80,0.71,3.65
2020,Hatzenbuhler,73.40,3.58,33.10,0.80,37.00,5.08,12,28.00,2.57,10.08,0.77,0.92
2020,HET-135-091-16,34.65,2.08,35.50,14.25,10.45,2.62,9,26.00,2.67,9.68,0.82,4.76
2020,HET-135-096-16,33.52,2.26,19.75,0.00,21.35,3.80,8,26.00,2.92,15.35,0.90,0.93
2020,Hille WMA,27.19,12.72,23.20,5.05,40.95,3.50,10,42.00,2.48,5.69,0.66,0.69
2020,Hillsview WPA,60.55,6.28,29.70,24.70,7.90,1.12,3,11.00,1.62,3.91,0.67,6.89
2020,Jay V. Wessels WMA,56.65,4.22,15.90,13.20,35.65,3.26,10,28.00,2.79,12.34,0.84,0.82
2020,Johns Lake WPA,72.25,6.98,36.65,11.55,26.90,5.00,12,35.00,3.08,16.17,0.87,1.79
2020,Kenner Marsh WMA,28.30,5.34,27.85,30.30,36.55,3.08,7,19.00,2.02,4.43,0.69,1.59
2020,KID-Weinmann,80.30,10.04,16.05,18.15,36.20,2.52,9,14.00,1.78,4.48,0.68,0.94
2020,Kneeling Moose WPA,26.25,5.64,13.20,26.00,53.05,3.60,7,21.00,2.24,6.85,0.74,0.74
2020,Knox WPA,28.80,7.70,28.75,14.80,46.90,3.22,6,19.00,2.34,7.58,0.80,0.93
2020,Krumm,70.90,5.50,49.20,3.25,7.85,1.08,6,16.00,1.68,3.04,0.61,6.68
2020,Lake Ilo NWR,31.15,3.98,27.35,34.60,17.50,2.30,5,24.00,2.45,8.62,0.77,3.54
2020,Lake Patricia WMA,59.45,5.82,12.45,44.25,7.35,1.74,4,17.00,2.09,5.29,0.74,7.71
2020,LAM-136-059-36,3.44,2.70,3.15,6.55,10.15,2.76,7,25.00,2.33,6.37,0.72,0.96
2020,Lambs Lake NWR 2,29.65,5.32,23.45,20.35,39.35,3.42,6,14.00,1.75,3.84,0.66,1.11
2020,Langley WPA,27.90,6.36,14.50,19.70,82.00,5.62,12,34.00,2.76,12.03,0.78,0.42
2020,Laturnus,37.40,8.78,19.40,47.80,48.95,1.94,4,6.00,1.04,2.32,0.58,1.37
2020,Lazy M WPA,79.70,8.08,12.25,53.20,41.20,3.78,8,33.00,2.60,8.45,0.74,1.59
2020,Lettenmaier WPA,19.70,4.68,2.50,2.50,6.45,2.24,5,23.00,2.40,6.77,0.77,0.78
2020,Lick South,27.95,10.84,23.35,11.80,42.70,4.92,13,42.00,2.83,9.64,0.76,0.82
2020,LOG-136-071-04,75.40,6.70,50.60,0.00,36.75,5.62,13,25.00,2.54,8.76,0.79,1.38
2020,Long Lake WPA,21.25,3.80,31.45,29.50,76.00,4.62,9,32.00,2.83,12.51,0.82,0.80
2020,Lostwood NWR,33.45,8.30,50.20,19.00,44.20,5.76,12,40.00,2.34,4.73,0.63,1.57
2020,Martinson WPA West Unit,33.45,6.64,15.90,29.10,31.85,2.84,5,15.00,1.62,3.36,0.60,1.41
2020,MCH JCS NWR,25.85,2.86,7.25,0.00,28.00,4.32,8,32.00,2.64,10.09,0.76,0.26
2020,MCK-146-100-36,36.95,3.98,27.20,0.00,30.05,4.38,8,29.00,2.53,8.27,0.75,0.91
2020,MCK-148-102-16,60.75,5.36,31.20,0.50,10.20,2.56,5,23.00,2.53,8.57,0.81,3.11
2020,MCK-Little Missouri NG 5,32.55,2.66,19.50,0.00,22.50,4.52,9,40.00,2.83,10.15,0.77,0.87
2020,MCL-147-079-16,19.25,5.78,64.55,0.60,37.45,5.36,12,49.00,2.70,6.84,0.69,1.74
2020,MOR-140-089-16,32.35,4.20,26.35,1.15,43.75,5.30,13,41.00,2.30,5.61,0.62,0.63
2020,Mund WPA,75.15,8.74,22.80,55.70,18.05,2.78,8,20.00,2.35,8.02,0.79,4.35
2020,NEL-149-061-36,87.90,3.66,28.15,4.85,42.80,10.06,16,55.00,3.23,15.32,0.81,0.77
2020,NEL-150-061-16,28.80,2.10,47.00,12.00,27.15,2.48,5,20.00,1.98,4.63,0.66,2.17
2020,Nelson WPA,60.70,5.22,11.85,8.35,24.20,4.92,12,49.00,3.27,18.30,0.84,0.83
2020,Nikolaisen WPA,32.40,5.64,17.85,21.85,34.35,3.30,6,17.00,2.11,5.68,0.75,1.16
2020,Northwestern Lake WPA,51.55,4.22,29.75,21.75,43.80,4.60,13,49.00,2.88,10.08,0.74,1.18
2020,Odermann West,22.91,1.30,34.40,13.60,28.55,4.02,9,35.00,2.18,4.93,0.61,1.68
2020,Old Adelen WPA,42.05,4.92,19.05,20.55,40.70,5.40,11,23.00,2.45,8.64,0.78,0.97
2020,OLI-141-084-16,80.40,5.80,51.40,0.00,38.80,5.68,13,35.00,2.54,8.48,0.71,1.32
2020,OLI-143-082-16,72.50,7.42,50.45,4.70,41.70,5.10,10,36.00,2.47,7.08,0.69,1.32
2020,OLI-143-084-14,64.65,3.62,30.20,2.70,33.05,3.46,10,28.00,1.82,2.73,0.55,1.00
2020,Osland,31.49,4.82,28.80,0.85,20.95,3.08,6,16.00,1.75,3.91,0.63,1.42
2020,Otto Spies WMA,7.15,2.98,4.65,12.70,7.85,2.34,10,19.00,2.55,10.39,0.87,2.21
2020,Personius WPA,79.30,9.50,5.15,51.35,18.20,3.22,7,16.00,1.86,5.00,0.67,3.10
2020,Peterson,86.30,5.70,41.60,9.05,35.30,8.96,18,52.00,3.08,10.76,0.78,1.43
2020,PIE-151-074-16,29.20,3.99,31.60,2.35,57.65,4.88,12,34.00,2.49,7.69,0.71,0.59
2020,PIE-Weinmann 2,50.00,0.72,12.85,5.20,13.30,2.88,8,28.00,2.69,11.21,0.81,1.36
2020,Pipestone WPA,71.10,8.56,21.20,37.10,42.40,2.74,6,15.00,1.57,2.98,0.58,1.38
2020,RAN-Sheyenne NG 1,9.75,2.84,3.80,2.95,14.75,4.48,11,29.00,2.93,14.42,0.87,0.46
2020,RAN-Sheyenne NG 3,6.53,1.74,4.05,2.30,22.95,4.88,9,28.00,2.39,7.15,0.72,0.28
2020,Rasmusson,15.90,4.10,3.45,3.70,12.65,2.94,5,13.00,1.96,5.93,0.77,0.57
2020,Rath/Wonnenburg WPA,48.95,13.40,32.25,21.15,56.75,5.88,11,43.00,2.75,10.50,0.73,0.94
2020,REN-164-084-36,31.82,2.64,39.95,0.45,56.60,7.56,14,45.00,2.96,13.22,0.78,0.71
2020,REN-164-087-36,37.80,5.34,46.35,0.00,65.50,7.00,13,46.00,2.73,8.67,0.71,0.71
2020,REN-Upper Souris NWR,26.51,4.12,60.40,1.95,51.50,4.40,11,43.00,2.31,5.26,0.62,1.21
2020,RIC-Sheyenne NG 1,34.35,1.48,2.20,0.00,11.35,4.00,12,22.00,2.52,8.73,0.82,0.19
2020,RIC-Sheyenne NG 3,14.45,2.58,3.55,4.25,21.80,4.66,10,27.00,2.87,13.43,0.87,0.36
2020,ROL-160-072-36,22.35,4.79,34.60,8.30,63.40,4.72,11,37.00,2.44,6.40,0.68,0.68
2020,ROL-161-072-3,23.16,2.34,25.65,15.00,47.40,3.48,11,24.00,2.17,5.95,0.68,0.86
2020,ROL-162-072-36,52.15,4.52,14.35,9.35,38.80,3.32,7,26.00,2.21,5.10,0.68,0.61
2020,Rue,26.04,4.34,11.80,1.00,18.40,2.58,6,12.00,1.82,5.01,0.73,0.70
2020,Russ Stuart WMA,78.35,7.54,26.45,34.50,21.95,2.06,8,16.00,1.54,2.66,0.56,2.78
2020,Sand 2,70.45,3.50,33.70,23.75,96.85,7.26,14,46.00,2.98,14.31,0.78,0.59
2020,Sand East,57.50,4.04,19.95,34.20,67.80,7.66,15,53.00,3.09,15.34,0.78,0.80
2020,Sand West 2,79.50,3.62,32.20,30.40,48.55,5.28,12,43.00,2.44,6.00,0.65,1.29
2020,SAR-130-054-03,37.85,1.22,14.35,39.45,13.30,3.06,6,20.00,2.03,3.96,0.68,4.05
2020,Schiermeister WPA,73.70,8.54,42.30,1.85,47.50,4.18,8,30.00,2.54,8.52,0.75,0.93
2020,Seymanski,24.49,2.40,11.55,0.05,26.60,3.88,9,34.00,2.28,5.20,0.65,0.44
2020,Shirek,26.82,4.52,47.85,19.35,14.65,1.62,4,11.00,1.39,2.72,0.58,4.59
2020,SIO-129-087-16,30.65,2.46,13.05,2.40,32.50,3.70,10,37.00,1.97,2.82,0.54,0.48
2020,SIO-130-085-36,25.50,2.24,24.05,9.75,36.80,5.76,11,37.00,2.45,5.50,0.68,0.92
2020,SIO-Cedar River NG 5,44.20,2.82,17.65,0.00,13.20,3.76,8,35.00,3.15,18.46,0.89,1.34
2020,SLO Little Missouri NG 1,22.75,1.48,9.80,1.25,12.50,3.30,8,31.00,2.75,9.03,0.80,0.88
2020,SLO-LIttle Missouri NG 3,10.05,0.54,1.85,0.00,19.55,5.22,8,27.00,2.72,12.21,0.83,0.09
2020,Soo Grade WPA,31.05,5.86,21.15,1.45,23.35,2.80,9,33.00,2.69,7.69,0.77,0.97
2020,Southward Old Pasture,7.60,2.04,7.25,5.75,18.90,3.08,7,25.00,2.01,3.54,0.62,0.69
2020,Spangrud WPA,49.40,6.84,18.35,5.40,45.30,5.56,11,43.00,3.01,13.94,0.80,0.52
2020,STA-138-093-16,30.40,2.70,47.50,1.10,14.90,1.06,4,10.00,0.41,1.17,0.18,3.26
2020,STA-138-099-24,32.15,2.76,39.50,0.00,24.80,4.30,9,30.00,2.60,8.64,0.77,1.59
2020,STA-140-094-16,30.90,2.96,58.10,3.95,18.95,4.26,10,40.00,3.10,15.47,0.84,3.27
2020,Staael South 2,36.90,17.78,12.20,19.80,40.20,2.54,5,8.00,1.16,2.22,0.56,0.80
2020,Staael South 3,40.55,13.52,18.30,26.55,41.45,2.92,5,16.00,1.60,3.12,0.58,1.08
2020,Stewart Lake WPA,18.25,3.98,2.50,8.70,8.60,2.58,7,19.00,2.27,6.46,0.77,1.30
2020,Stinkeoway WPA,23.13,1.98,11.85,24.30,66.80,4.42,8,18.00,2.26,5.82,0.78,0.54
2020,Sully's Hill NWR,82.60,7.46,31.95,2.50,107.60,8.62,14,34.00,2.43,8.22,0.69,0.32
2020,Taylor South,35.63,7.18,21.45,0.50,67.50,7.08,13,49.00,3.26,19.67,0.84,0.33
2020,Taylor West,33.11,3.04,21.80,0.50,39.05,3.22,13,39.00,2.53,8.59,0.69,0.57
2020,Tennison WPA,48.35,5.04,19.20,33.95,34.20,4.30,8,27.00,2.06,4.15,0.62,1.55
2020,Teterud,12.55,6.06,2.70,8.05,18.40,2.50,5,7.00,1.32,3.04,0.68,0.58
2020,Tewaukon NWR,4.69,2.47,2.80,3.10,19.10,3.76,7,24.00,2.23,5.25,0.70,0.31
2020,Thorson WPA,43.75,5.70,10.50,3.10,41.50,3.96,8,23.00,2.40,8.59,0.77,0.33
2020,Three Buttes WMA,54.80,3.64,26.90,8.20,19.90,2.44,7,20.00,1.87,3.89,0.62,1.76
2020,Tom Fish,52.20,3.78,1.55,17.50,11.05,1.78,4,10.00,0.84,1.63,0.37,1.72
2020,Torgerson,8.70,3.20,8.95,15.10,12.50,2.32,8,21.00,1.77,3.58,0.58,1.92
2020,TOW-163-066-28,63.75,4.18,19.45,6.75,11.40,1.58,5,16.00,2.06,5.01,0.74,2.30
2020,Trego East,25.25,6.06,37.55,8.20,58.40,6.14,11,44.00,2.85,11.75,0.75,0.78
2020,Trego West 2,28.30,7.50,24.25,14.10,49.05,5.30,11,52.00,3.02,12.37,0.76,0.78
2020,Turtle Mountain WMA,34.65,4.36,17.80,48.40,21.40,1.56,5,15.00,1.02,1.61,0.38,3.09
2020,WAR-156-084-16,13.30,3.90,68.70,0.00,31.65,2.12,7,22.00,1.62,2.81,0.52,2.17
2020,Warner WPA,12.00,4.46,3.95,6.75,16.35,3.94,7,19.00,2.40,8.54,0.81,0.65
2020,WAR-Upper Souris NWR,15.00,11.30,48.70,7.90,35.75,3.20,10,34.00,2.25,3.90,0.64,1.58
2020,WEL-145-073-16,41.75,3.30,42.25,0.60,54.10,8.58,14,41.00,2.88,10.78,0.77,0.79
2020,WEL-149-069-36,47.25,1.96,45.40,0.60,62.20,4.96,10,30.00,2.15,5.13,0.63,0.74
2020,WIL-156-102-16,27.55,4.98,30.00,0.00,32.45,4.82,11,40.00,2.97,12.32,0.80,0.92
2020,Wollitz WPA,18.20,2.24,5.45,4.10,11.80,3.26,6,11.00,1.99,5.76,0.83,0.81
2020,Zahn East,41.50,11.66,0.00,39.30,23.25,1.22,5,9.00,0.28,1.10,0.13,1.69
